prediction_0_for_long_1_for_short,target
0.77065223,0
0.89017457,1
0.01316856,0
0.8994231,1
0.00047356013,0
0.9976451,1
0.00052787096,0
0.053427346,0
0.7652822,1
0.000600989,0
0.8645009,1
0.9677458,1
0.999261,1
0.00060270383,0
0.9994332,1
0.99587995,1
0.0037404294,0
0.96695584,1
0.004223879,0
0.9897682,1
0.67429334,1
0.009311129,0
0.99930775,1
0.026410634,0
0.4138744,1
0.037907597,0
0.9183588,0
0.7393893,0
0.034262422,0
0.9572631,1
0.9744116,1
0.9997589,1
0.29381233,0
0.9339794,1
0.61818516,1
0.022919001,0
0.99960786,1
0.9901455,1
0.9611412,1
0.48957166,0
0.00838121,0
0.9941247,1
0.9171411,1
0.9998023,1
0.018476596,0
0.008580073,0
0.02462822,0
0.06937099,0
0.0037055307,0
0.39315838,1
0.99713945,1
0.00087836327,0
0.2316653,0
0.9349102,1
0.9946062,1
0.9994222,1
0.9575019,1
0.99684477,1
0.31877765,0
0.80924714,1
0.9994429,1
0.9807857,0
0.9470805,1
0.8019613,1
0.0013357678,0
0.0072132116,0
0.001317257,0
0.77171993,1
0.99930334,1
0.010749731,0
0.00600657,0
0.98786896,1
0.31758636,1
0.097915925,0
0.06689257,0
0.710068,1
0.0029833608,0
0.0011260529,0
0.9971684,1
0.94616574,0
0.13887665,0
0.50245726,0
0.95695084,1
0.043523476,0
0.95407933,1
0.040315263,1
0.1292451,0
0.051574312,0
0.010852128,0
0.9968274,1
0.01400152,0
0.000966008,0
0.124799415,0
0.9518038,1
0.07585235,0
0.2763299,0
0.54066586,1
0.19723937,0
0.99784184,1
0.5147252,0
0.8115419,1
0.60264134,0
0.05302598,0
0.81506366,0
0.46185786,0
0.48024806,0
0.9215151,1
0.9396385,1
0.99933755,1
0.16640554,0
0.99368554,1
0.98668575,1
0.9477922,1
0.43187276,1
0.99793434,1
0.53256494,0
0.61695594,0
0.00076618325,0
0.9872227,1
0.9996212,1
0.0035848953,0
0.0065751383,0
0.04611908,0
0.61357445,1
0.97730815,1
0.9282743,1
0.9907242,1
0.00063470716,0
0.9591897,1
0.16852878,0
0.25288993,1
0.61130667,0
0.9703535,1
0.5921586,1
0.051325805,0
0.44401374,1
0.8868474,1
0.13205479,0
0.01850843,0
0.0020853074,0
0.95857155,1
0.0026300175,0
0.9547821,1
0.5340274,1
0.9989673,1
0.004717767,0
0.60812265,0
0.0958241,0
0.47383982,0
0.72724074,0
0.21529362,0
0.0060122465,0
0.0009147061,0
0.97167575,1
0.0003334914,0
0.14731374,0
0.9976223,1
0.82980454,1
0.13751927,0
0.5694173,0
0.45942125,0
0.6604276,0
0.9828061,1
0.9771541,1
0.997023,1
0.020471552,0
0.9972607,1
0.9833042,1
0.99740106,1
0.35390934,1
0.97009957,1
0.92239773,1
0.006437852,0
0.9489776,1
0.9996308,1
0.77799696,1
0.99508363,1
0.97385293,1
0.000792347,0
0.9993882,1
0.93485564,1
0.17370027,0
0.9899985,1
0.9971274,1
0.996833,1
0.8840092,1
0.99864405,1
0.10157565,1
0.10579898,0
0.15080836,0
0.029123913,0
0.9986948,1
0.9989568,1
0.008038848,0
0.000475046,0
0.99318236,1
0.008023842,0
0.9997364,1
0.9984773,1
0.9988922,1
0.99839747,1
0.8620223,0
0.97848475,1
0.044955447,0
0.018640058,0
0.93894136,1
0.764393,1
0.0597353,0
0.8509308,1
0.94827545,1
0.7190418,1
0.8591534,1
0.030333078,0
0.055925064,0
0.467276,0
0.02062451,0
0.02254666,0
0.0017004132,0
0.0027180947,0
0.8513796,1
0.99611366,1
0.9787218,1
0.9855083,1
0.9654614,1
0.0683847,0
0.0280809,0
0.9969147,1
0.7992065,1
0.99301565,1
0.01996297,1
0.15073842,0
0.10057436,0
0.03396613,0
0.07304564,0
0.12574388,1
0.40004602,1
0.4418804,1
0.0062884083,0
0.21667466,0
0.35708168,0
0.7416537,1
0.68426126,1
0.0038927253,0
0.8146423,0
0.9997734,1
0.021530947,0
0.14141609,1
0.9902533,1
0.9991821,1
0.070584334,0
0.9440223,1
0.00046134522,0
0.97419995,1
0.9988529,0
0.6410023,1
0.6618153,1
0.5405042,0
0.72178185,1
0.9887756,1
0.0642108,0
0.9987055,1
0.22103158,0
0.9876358,1
0.009229009,0
0.81446534,1
0.99889153,1
0.6770277,1
0.70452076,1
0.009670646,0
0.98663676,1
0.99636877,1
0.9832781,1
0.9684644,1
0.76500994,1
0.99159414,1
0.026685828,0
0.17961276,1
0.10717817,0
0.9198332,0
0.7736584,0
0.045704063,0
0.029269341,0
0.00060809567,0
0.9765209,1
0.99891007,1
0.98673743,1
0.09459556,0
0.08321613,1
0.2875841,1
0.08520743,0
0.03683438,0
0.71176404,1
0.00038204383,0
0.9884658,1
0.16033821,0
0.8910906,1
0.99539626,1
0.25805774,1
0.696315,1
0.99977905,1
0.0022092347,0
0.058739014,0
0.020840196,0
0.45312557,0
0.9955047,1
0.97854626,1
0.79434747,1
0.00091707276,0
0.9988748,1
0.9986545,1
0.5164659,0
0.003411381,0
0.755183,0
0.96730554,1
0.011286525,0
0.99677724,1
0.99972504,1
0.0012867006,0
0.014549458,0
0.7969608,1
0.99688196,1
0.99601924,1
0.055097383,0
0.5560846,1
0.96228725,1
0.14997256,0
0.032665405,0
0.9046626,1
0.9985037,1
0.9971508,1
0.0020521209,0
0.18369462,0
0.014088212,0
0.25427634,0
0.00044258343,0
0.057373364,0
0.6741851,1
0.010521548,0
0.88016015,1
0.9349437,0
0.9937953,1
0.74204755,0
0.3956239,1
0.0039418703,0
0.26985636,1
0.60433924,1
0.009652068,0
0.00928225,0
0.97745323,1
0.011577919,0
0.7802322,0
0.9988185,1
0.9034362,0
0.93332005,1
0.9900656,1
0.050686836,0
0.66832757,0
0.22665432,0
0.9948212,1
0.0028535244,0
0.4074359,1
0.037233558,0
0.89185035,1
0.9431248,1
0.006375174,0
0.005865308,0
0.9690549,1
0.02833591,0
0.97759944,1
0.992952,1
0.97908336,1
0.0023238622,0
0.9998337,1
0.9780673,1
0.99934596,1
0.95829785,1
0.9709937,1
0.0025132142,0
0.17725368,0
0.9941519,1
0.0048388657,0
0.22748394,1
0.99845517,1
0.9839425,1
0.006168065,0
0.9336398,1
0.9955171,1
0.1467748,1
0.54193896,1
0.46851617,0
0.98252136,1
0.99953413,1
0.9979966,1
0.99913377,1
0.3023928,0
0.0039685587,0
0.007185704,0
0.9600884,1
0.96426505,1
0.76205397,0
0.2303869,0
0.3069925,1
0.99570066,1
0.9245598,1
0.10159969,0
0.9992536,1
0.99838006,1
0.99083537,1
0.28402805,0
0.99562085,1
0.9068673,1
0.99918765,1
0.010429499,0
0.17456783,0
0.9884399,1
0.9795227,1
0.0117565105,0
0.0017325704,0
0.2673726,0
0.006098897,0
0.8135191,1
0.9906529,1
0.99393547,1
0.98707706,1
0.7481013,1
0.2539471,0
0.9713875,1
0.00038563012,0
0.13900681,0
0.59931487,1
0.73824424,0
0.004727115,0
0.9988359,1
0.66504735,1
0.978809,1
0.96320075,1
0.75660414,0
0.04535064,0
0.24152902,0
0.97307855,1
0.85020864,1
0.999922,1
0.8977993,0
0.010111193,1
0.99625444,1
0.3469397,0
0.014429952,0
0.9818447,1
0.9780084,1
0.0019025791,0
0.0025648605,0
0.9483773,1
0.964785,1
0.9976579,1
0.08707791,1
0.9922072,1
0.87843704,0
0.95000374,1
0.57775104,0
0.99589986,1
0.97817934,1
0.89929235,1
0.34903193,0
0.75498104,0
0.49079412,0
0.0011215867,0
0.037201855,0
0.4578491,0
0.046695754,0
0.24199763,0
0.13206364,0
0.9934562,1
0.002931457,0
0.68285304,1
0.0031453767,0
0.99755275,1
0.005510316,0
0.0955818,0
0.9332678,1
0.7975827,1
0.00043719372,0
0.98257047,1
0.5661124,1
0.9980637,1
0.33917466,0
0.77794486,0
0.9994386,1
0.020574046,0
0.0041487683,0
0.23758459,0
0.09546187,1
0.992952,1
0.0014848722,0
0.9740135,1
0.9982998,1
0.011148429,0
0.0011625987,0
0.17176071,0
0.006457207,0
0.9982646,1
0.99803746,1
0.21483514,1
0.4740774,0
0.90587676,1
0.38256794,1
0.6666057,1
0.001227691,0
0.6116522,1
0.99832314,1
0.047359806,0
0.0038115433,0
0.99635315,1
0.982021,1
0.0020251165,0
0.42877713,0
0.99556696,1
0.04460546,0
0.9454793,1
0.99461585,1
0.1123824,0
0.8384264,1
0.9586345,1
0.16665561,0
0.8435005,1
0.973444,1
0.045657154,0
0.28504133,0
0.6176825,1
0.8765562,1
0.004294247,0
0.9876194,1
0.035392694,0
0.9847621,1
0.6630341,1
0.056191303,0
0.9990889,1
0.9922732,1
0.009145013,0
0.94493693,1
0.028085435,0
0.91358966,1
0.98775196,1
0.12104578,1
0.00578869,0
0.3355242,0
0.9974286,1
0.0077211848,0
0.37504378,0
0.99686354,1
0.96797264,1
0.013284584,0
0.04556233,0
0.08933961,0
0.73046255,1
0.9973208,1
0.013314532,0
0.9560107,1
0.003208552,0
0.056795824,0
0.0047110994,0
0.024127806,1
0.9767731,1
0.9818962,1
0.92920315,1
0.97142905,1
0.9937417,1
0.9712947,1
0.9684226,1
0.99449235,0
0.8979508,1
0.024080584,0
0.029189939,0
0.99830455,1
0.99993265,1
0.85905826,0
0.9996049,1
0.0027515837,0
0.9941522,1
0.34937504,0
0.22551851,0
0.98327935,1
0.99770963,1
0.49679923,0
0.20972034,0
0.9375435,1
0.9943396,1
0.89102566,1
0.99909353,1
0.9932455,1
0.98360795,1
0.9184114,1
0.9554001,1
0.9488622,1
0.29968297,1
0.7842813,1
0.04738089,0
0.75097954,1
0.9975249,1
0.9998606,1
0.99585474,1
0.98393965,1
0.74176943,0
0.9911491,1
0.8886822,1
0.15197933,0
0.013852003,0
0.000633474,0
0.015602362,0
0.38630784,1
0.3730312,1
0.61502874,1
0.98204535,1
0.003560903,0
0.08615191,0
0.98877317,1
0.9504169,1
0.6995395,1
0.9904877,1
0.996398,1
0.99960214,1
0.0006624442,0
0.94080466,1
0.002530212,0
0.9884189,1
0.9199131,1
0.38451758,0
0.98498356,1
0.5230377,1
0.97118413,1
0.83195895,1
0.9992758,1
0.013843233,0
0.98333186,1
0.99981344,1
0.99740076,1
0.9978255,1
0.97595394,1
0.99848956,1
0.49219942,1
0.9992615,1
0.0033172476,0
0.019428326,0
0.99987555,1
0.0059434916,0
0.0006041886,0
0.84044343,1
0.0018153958,0
0.96788836,1
0.94699067,1
0.20418482,0
0.98643875,1
0.99750155,1
0.061761923,0
0.9999232,1
0.7087512,0
0.009732414,0
0.9369956,1
0.97009736,1
0.7588505,1
0.05265869,0
0.032472253,0
0.10017624,0
0.00062488735,0
0.9649621,1
0.9780594,1
0.9993335,1
0.9993656,1
0.2526775,0
0.99953765,1
0.87589943,1
0.98279893,1
0.044136073,0
0.0015665218,0
0.99549896,1
0.9248419,1
0.0030323928,0
0.19282995,1
0.9998678,1
0.016551765,0
0.9830292,1
0.9980985,1
0.5708947,1
0.15188321,0
0.047053806,0
0.9977209,1
0.9978728,1
0.22729728,0
0.00096093817,0
0.03074288,0
0.0024780133,0
0.00056650623,0
0.073992305,0
0.0015251727,0
0.91565305,1
0.42776757,0
0.90330094,1
0.031790007,0
0.038927082,0
0.98600084,1
0.04055054,0
0.31025833,0
0.001690483,0
0.28722885,0
0.008802143,0
0.0023467075,0
0.1158074,0
0.0035912436,0
0.9983122,1
0.9391743,1
0.007762081,0
0.44973797,0
0.04337734,0
0.73443097,1
0.7505777,1
0.16983731,0
0.998162,1
0.12651496,0
0.35544196,0
0.024553798,0
0.86114806,1
0.53547513,1
0.11794605,1
0.7561478,0
0.6940821,1
0.94575393,1
0.4519542,1
0.5927065,1
0.012624914,0
0.99693835,1
0.0017514925,0
0.00938377,0
0.0044771107,0
0.0026909001,0
0.6670053,1
0.9875185,1
0.008266597,0
0.9208573,1
0.72068095,1
0.23596188,0
0.038370926,0
0.98295844,1
0.99820316,1
0.9733262,1
0.9183695,1
0.99616325,1
0.5972858,1
0.057729,0
0.91859424,1
0.089499004,0
0.9509574,1
0.62287074,1
0.9890167,1
0.0011852562,0
0.19078654,0
0.020221304,0
0.9301298,1
0.99536914,1
0.934307,1
0.00034939797,0
0.83267385,1
0.08156046,0
0.2712699,0
0.9998004,1
0.9785861,1
0.0060987645,0
0.99913836,1
0.9385893,1
0.11093698,1
0.8348861,1
0.012929969,0
0.6801893,1
0.99612796,1
0.00019571127,0
0.99306583,1
0.4776207,1
0.99457854,1
0.52357435,0
0.231549,0
0.7616697,1
0.0035339077,0
0.028256113,0
0.9996797,1
0.98569405,1
0.8902229,1
0.931409,1
0.98181295,1
0.6661908,1
0.066013254,0
0.00881183,0
0.00079073815,0
0.16528797,0
0.0024218548,0
0.9998821,1
0.99361,1
0.89013827,1
0.9991194,1
0.9014395,1
0.85489666,0
0.04166282,0
0.048476424,1
0.85569173,1
0.6725719,0
0.9969455,1
0.996768,1
0.99727786,1
0.9937974,1
0.0024659096,0
0.99669504,1
0.00054080744,0
0.99166566,1
0.006483937,0
0.9869584,1
0.4726673,0
0.99098605,1
0.17881668,0
0.9998361,1
0.010601714,0
0.92096835,1
0.5509572,0
0.9993374,1
0.9829747,1
0.26791066,0
0.062261797,0
0.004945831,0
0.032494865,0
0.0052854936,0
0.9954356,1
0.96092576,1
0.024269734,0
0.98051536,1
0.99685955,1
0.44563112,1
0.00032484563,0
0.96022046,1
0.14370404,0
0.8871511,1
0.28703192,0
0.067461744,1
0.9863426,1
0.6545548,0
0.9762039,0
0.067719966,0
0.99973565,1
0.9999159,1
0.006347199,0
0.9779569,1
0.63427156,0
0.0066581904,0
0.99465704,1
0.948239,1
0.0016446828,0
0.29205498,0
0.028110182,0
0.024271455,1
0.12629987,0
0.09905909,0
0.7226672,1
0.17191175,0
0.9943656,1
0.9996136,1
0.0062999865,0
0.0041306713,0
0.06573482,0
0.0015191155,0
0.052201014,0
0.0030953516,0
0.009283978,0
0.027071115,0
0.0014629762,0
0.23490445,0
0.42404184,0
0.021807557,0
0.8035561,1
0.62188566,1
0.99580306,1
0.99091786,1
0.0020297454,0
0.013574933,0
0.96206033,1
0.5287182,1
0.23519321,1
0.67866325,1
0.05253739,1
0.08343997,0
0.97970086,1
0.6995804,0
0.757695,1
0.038391914,0
0.9870424,1
0.9985014,1
0.7452902,1
0.99583167,1
0.81029683,1
0.09118643,0
0.99967897,1
0.15487039,0
0.018316139,0
0.9332944,1
0.9669548,1
0.9443039,1
0.41490477,0
0.14812356,0
0.94839966,1
0.10478856,0
0.0038317076,0
0.9491867,1
0.99772227,1
0.99197197,1
0.9904518,1
0.013593027,0
0.66409904,1
0.005857922,0
0.9271847,1
0.6998171,1
0.97371876,1
0.0061595566,0
0.4600432,0
0.9955796,1
0.98484993,1
0.8658279,1
0.996253,1
0.96343803,1
0.9991797,1
0.29278424,1
0.78421277,1
0.007488622,0
0.96138686,1
0.9899721,1
0.14714265,0
0.99586165,1
0.5670772,1
0.69795996,1
0.018474318,0
0.0009627495,0
0.97210836,1
0.3522854,0
0.5171675,0
0.9998304,1
0.9561917,1
0.010185241,0
0.15222256,0
0.06667199,0
0.22645473,1
0.39062434,0
0.994726,1
0.17158034,0
0.9993183,1
0.9986928,1
0.96351516,1
0.6192711,0
0.9986871,1
0.99649733,1
0.06894206,0
0.0009570619,0
0.99941653,1
0.9045111,0
0.939911,1
0.103064775,0
0.06314823,0
0.88087714,1
0.013546726,0
0.023237318,0
0.78819734,0
0.0006276943,0
0.97214776,1
0.00083068747,0
0.00953864,0
0.85266685,0
0.017625397,0
0.8574626,1
0.8970693,1
0.98619235,1
0.004110884,0
0.9811357,1
0.03967516,0
0.60205644,0
0.006008504,0
0.3169713,1
0.99517995,1
0.9992064,1
0.005742874,0
0.11106785,0
0.4666304,0
0.50453603,0
0.97875106,1
0.0025470767,0
0.9920781,1
0.037057754,0
0.007896021,0
0.44148245,1
0.015330804,0
0.370791,0
0.7535464,1
0.9124712,1
0.007824024,0
0.0033178441,0
0.12915309,0
0.67202836,1
0.96238154,1
0.27350882,0
0.9876935,1
0.9793564,1
0.031238873,0
0.7033173,0
0.38908383,0
0.2413229,0
0.0047490634,0
0.6752818,0
0.08504834,0
0.6421361,0
0.88474065,1
0.98893726,1
0.13115154,0
0.970126,1
0.99013233,1
0.6665314,1
0.9639055,1
0.6367903,1
0.058956526,0
0.12568118,0
0.98826635,1
0.10801037,0
0.99617946,1
0.9510598,1
0.20676284,1
0.015005512,0
0.84240997,1
0.8638117,1
0.018769346,0
0.964643,1
0.00210612,0
0.022991005,1
0.9939845,1
0.9676002,1
0.99708784,1
0.09482432,1
0.7577399,1
0.041346487,0
0.24617991,0
0.8708951,1
0.9907953,1
0.26568663,1
0.009140901,0
0.96968156,1
0.9601331,1
0.025206286,0
0.0007691702,0
0.6972294,1
0.05064536,0
0.9867344,1
0.95373213,0
0.16786471,0
0.0010834303,0
0.9997226,1
0.002939187,0
0.3632782,0
0.008659646,0
0.01887566,0
0.94687414,1
0.9986687,1
0.9668273,1
0.006145832,0
0.001749856,0
0.021196019,1
0.9947831,1
0.19454229,0
0.786959,1
0.8693415,1
0.9990758,1
0.014334967,0
0.0019866007,0
0.9998109,1
0.68772614,0
0.019368878,0
0.35016656,1
0.83082473,0
0.9877674,1
0.003135356,0
0.042140383,0
0.99853706,1
0.034593016,0
0.87649,1
0.8824376,1
0.9925901,1
0.9952893,1
0.0036352233,0
0.91478956,0
0.849774,1
0.79676455,1
0.7871534,0
0.9884537,1
0.035786796,0
0.0047344654,0
0.881246,1
0.07804977,0
0.96084464,1
0.872893,1
0.80942214,1
0.016227044,0
0.9928385,1
0.094792224,0
0.19395073,1
0.5426924,1
0.008204341,0
0.9966582,1
0.9017094,0
0.05863877,0
0.0014130695,0
0.033290528,0
0.0084774,0
0.8011613,1
0.02235676,0
0.9743117,1
0.97726476,1
0.9913672,1
0.018615425,0
0.006713316,0
0.46199113,1
0.99724674,1
0.960382,1
0.99711895,1
0.011037119,0
0.0029132988,0
0.38924992,1
0.98029774,1
0.99562883,1
0.924374,1
0.2456656,1
0.7248532,1
0.0052057467,0
0.047104463,0
0.014381072,0
0.99952376,1
0.024592869,1
0.17980587,0
0.5145312,0
0.0009319481,0
0.51371187,1
0.16914582,0
0.9608302,1
0.82840645,1
0.96550906,1
0.8144329,1
0.99918926,1
0.026772778,0
0.46877438,1
0.0005474931,0
0.90011656,0
0.6452992,0
0.015140971,0
0.7230084,1
0.93590134,1
0.98692733,1
0.003383555,0
0.9757082,1
0.9100814,1
0.9994572,1
0.054239683,0
0.99851334,1
0.99795616,1
0.25687474,0
0.92002314,1
0.046990503,0
0.98288137,1
0.92682207,1
0.99958676,1
0.10143753,0
0.9728735,1
0.9814336,1
0.9910868,1
0.67549634,0
0.98994446,1
0.67901707,1
0.014061227,0
0.6176278,0
0.99627006,1
0.9967462,1
0.8270707,1
0.15672733,0
0.8799527,1
0.9719995,1
0.9995629,1
0.9996632,1
0.0050116177,0
0.0028480876,0
0.83777255,1
0.009321213,0
0.030974377,1
0.0039678444,0
0.91642845,1
0.72718984,0
0.09936651,0
0.9753534,1
0.0023854997,0
0.0014635273,0
0.47957692,0
0.016509036,0
0.65534323,0
0.20608762,1
0.9995965,1
0.10380022,0
0.98341215,1
0.09910561,0
0.9951259,1
0.93140996,1
0.9997547,1
0.031221393,0
0.94347537,1
0.9986621,1
0.90416014,1
0.996661,1
0.8251449,1
0.00930366,0
0.8617028,1
0.977236,1
0.9457439,1
0.515177,0
0.86892474,0
0.94343835,1
0.16466329,0
0.19188717,0
0.9922169,1
0.23375659,1
0.99661905,1
0.6814768,1
0.24230549,0
0.99786747,1
0.97604334,0
0.0008691793,0
0.99654263,1
0.99703276,1
0.87281406,1
0.8674282,1
0.0023144928,0
0.9993495,1
0.00756714,0
0.0012654057,0
0.96480644,1
0.16902804,0
0.3300172,0
0.9875086,1
0.99486923,1
0.0022919802,0
0.98727626,1
0.9983122,1
0.030354923,0
0.27723438,1
0.91069716,1
0.35538408,1
0.05772356,0
0.4596886,1
0.9608628,1
0.9968592,1
0.9721452,1
0.95183456,1
0.16595899,0
0.9904234,1
0.9380528,1
0.019908613,0
0.9851819,1
0.9639478,1
0.0076181344,0
0.9951172,1
0.04767109,0
0.99810135,1
0.28229636,1
0.4940279,1
0.004538113,0
0.6623823,0
0.9421075,0
0.002885291,0
0.99882907,1
0.9975414,1
0.056238778,0
0.9940384,1
0.9895606,1
0.9639772,1
0.9858106,1
0.96619356,1
0.804412,1
0.9885041,1
0.9683353,1
0.9110354,1
0.9732916,1
0.0019091845,0
0.84705323,1
0.04303184,1
0.98258,1
0.26528224,0
0.0514643,0
0.32460186,0
0.057130467,0
0.8264569,1
0.5774821,1
0.994321,1
0.26771832,1
0.85173476,1
0.99316895,1
0.05139155,0
0.9357619,1
0.9103939,1
0.01888077,0
0.01688549,0
0.28128973,0
0.01977687,0
0.7210366,1
0.93452704,1
0.37824777,0
0.8419781,1
0.0033158516,0
0.53763026,0
0.0009756023,0
0.99631804,1
0.9797381,1
0.0012063668,0
0.99979794,1
0.9805754,1
0.6222634,1
0.94744194,1
0.20373735,0
0.011990448,0
0.024245817,0
0.0077317185,0
0.04299204,0
0.33408093,1
0.0024557633,0
0.28469804,0
0.012396295,0
0.45333272,1
0.2479386,0
0.108790055,0
0.60733753,1
0.9895438,1
0.38863632,0
0.99817955,0
0.0091516,0
0.9899131,1
0.98213303,1
0.08427892,0
0.9864205,1
0.6972625,0
0.011439053,0
0.9967588,1
0.9947442,1
0.9989632,1
0.95786107,1
0.9928484,1
0.012020442,0
0.9999029,1
0.019657098,0
0.035841513,0
0.99758947,1
0.044858985,0
0.9982399,1
0.85656434,1
0.51262367,1
0.0027741443,0
0.9991641,1
0.009896541,0
0.90487874,1
0.5282048,0
0.019909732,0
0.39353207,0
0.8866948,1
0.1072461,0
0.99973184,1
0.2191666,0
0.5420562,0
0.06691852,0
0.97016895,1
0.06444201,0
0.944493,1
0.9944459,1
0.9964824,1
0.0011784037,0
0.008906925,0
0.99988043,1
0.21821043,1
0.0059138406,0
0.03246113,0
0.333611,0
0.0009152082,0
0.08220335,0
0.99907863,1
0.15815127,0
0.9974953,1
0.046650033,0
0.90376157,1
0.00057698204,0
0.009635531,0
0.59160274,0
0.00089888944,0
0.02005891,0
0.9929627,1
0.016313562,0
0.8801726,0
0.9954985,1
0.99269617,1
0.9952218,1
0.11748314,0
0.74574167,1
0.01023673,0
0.3531632,1
0.8073085,1
0.9801485,1
0.35452032,0
0.99664223,1
0.70534384,1
0.9998501,1
0.15285073,0
0.16213943,0
0.7291945,1
0.84438646,1
0.9807231,1
0.5126828,1
0.05564661,0
0.99975,1
0.40195543,0
0.89029914,1
0.9608637,1
0.70853263,1
0.02866076,0
0.9541868,1
0.23307653,0
0.9946841,1
0.9989265,1
0.0028098004,0
0.18981852,0
0.18676879,0
0.0094283065,0
0.12589066,0
0.99362266,1
0.58760905,0
0.0003556003,0
0.04652887,1
0.010133051,0
0.9971703,1
0.23109373,0
0.17655413,0
0.998808,1
0.027176555,0
0.98012036,1
0.95776737,1
0.93939555,1
0.04192383,0
0.9607323,1
0.016700553,0
0.99939597,1
0.61397135,0
0.99719536,1
0.04116514,0
0.99933416,1
0.40739474,0
0.4161931,1
0.6088758,1
0.99966085,1
0.00083208905,0
0.33324465,0
0.69915193,0
0.29967514,0
0.001470663,0
0.0038181848,0
0.87048024,1
0.72540295,1
0.9981616,1
0.95197475,0
0.02149207,0
0.0007443885,0
0.09515265,1
0.79363966,0
0.73916566,0
0.9997614,1
0.9745204,1
0.9875207,1
0.002189169,0
0.9454509,1
0.69443023,1
0.85784656,0
0.51946884,1
0.40620717,0
0.9991061,1
0.94733524,1
0.065916464,0
0.995063,1
0.60815024,1
0.9958156,1
0.018729767,0
0.9808669,1
0.99797267,1
0.9669107,1
0.004180719,0
0.9180363,1
0.0046153427,0
0.86962163,0
0.9962023,1
0.26971662,1
0.6513125,0
0.9983757,1
0.036210295,0
0.24409938,0
0.14626351,0
0.54275036,1
0.9984242,1
0.78051585,1
0.71039927,1
0.037874732,0
0.9857544,1
0.99957865,1
0.9314615,1
0.82842904,1
0.98722476,1
0.21986076,0
0.90952456,1
0.9940988,1
0.9997433,1
0.92841816,1
0.37534374,1
0.89856374,1
0.02332815,0
0.0028540457,0
0.034402173,0
0.0015345877,0
0.0111405775,0
0.9997198,1
0.3140048,0
0.9931792,1
0.08402092,0
0.031161543,0
0.766456,1
0.9958889,1
0.9116395,1
0.56307775,1
0.60099614,1
0.004082977,0
0.98819315,1
0.99224436,1
0.9958361,1
0.24044664,0
0.99858034,1
0.021718007,0
0.9978178,1
0.076106116,0
0.0023438681,0
0.63545585,1
0.5055764,1
0.9911491,1
0.7030302,1
0.004820421,0
0.9539815,1
0.99945813,1
0.96605605,1
0.010456936,0
0.99765813,1
0.0021528075,0
0.49048123,1
0.73975676,1
0.9143237,1
0.34287527,0
0.25928676,0
0.9166605,0
0.96831495,1
0.009958847,0
0.0061871996,0
0.5459404,0
0.99296224,1
0.050393634,0
0.52330416,1
0.11419612,0
0.8418164,1
0.0885643,0
0.023143556,0
0.012693947,0
0.9779409,1
0.9842178,1
0.9980322,1
0.9991058,1
0.4217983,0
0.31069785,0
0.6808112,0
0.6357495,1
0.5506199,1
0.0016032492,0
0.8555319,1
0.7276574,0
0.030248102,0
0.9717538,1
0.11160102,0
0.050225697,0
0.9408561,1
0.9975343,1
0.99879456,1
0.008062065,0
0.93207884,1
0.99867237,1
0.99985397,1
0.20623073,1
0.76092243,1
0.9945928,1
0.9984087,1
0.043441877,0
0.0015906661,0
0.005045215,0
0.00055323984,0
0.12685604,1
0.97879946,1
0.9186079,1
0.009410544,0
0.0010866931,0
0.9911281,1
0.99140584,1
0.0055572935,0
0.9947238,1
0.9977425,1
0.99949914,1
0.8428241,1
0.978371,1
0.0003868343,0
0.0032834462,0
0.004958381,0
0.013501152,0
0.35127002,1
0.013226343,0
0.0011539431,0
0.0015755899,0
0.9995077,1
0.98803556,1
0.038473997,0
0.9944167,1
0.0027125285,0
0.30271715,0
0.08901953,0
0.9994687,1
0.05322575,0
0.008716999,0
0.9553304,1
0.68819195,1
0.044826012,0
0.9989308,1
0.9991077,1
0.7156759,1
0.029544866,0
0.82440984,0
0.001742515,0
0.99805367,1
0.00047391438,0
0.9234419,1
0.93143064,1
0.9985281,1
0.99337566,1
0.96839046,1
0.99123776,1
0.906943,0
0.97827137,1
0.53662014,1
0.002585612,0
0.996291,1
0.9981157,1
0.011422495,0
0.004157766,0
0.7586605,0
0.01362363,0
0.9678194,1
0.67640704,1
0.91685,1
0.9968659,1
0.94567645,1
0.31323737,0
0.9952105,1
0.98550177,1
0.9983715,1
0.88509476,0
0.471478,0
0.9197418,1
0.9927074,1
0.021632085,0
0.871693,0
0.9750017,1
0.0038445212,0
0.5514164,0
0.9990479,1
0.16335677,0
0.8586462,1
0.006787962,0
0.011731701,0
0.9094817,1
0.9596279,1
0.14737001,0
0.95751727,1
0.27248162,0
0.9291307,1
0.062077533,0
0.0031535763,0
0.9381507,1
0.98961914,1
0.0008039715,0
0.9983393,1
0.95162547,1
0.40582627,0
0.32216346,1
0.9420668,1
0.96351653,1
0.0030357463,0
0.003414505,0
0.99792975,1
0.059839226,0
0.027170202,0
0.9997479,1
0.8408184,1
0.027130451,0
0.009976164,0
0.16249932,0
0.5336934,0
0.14986587,0
0.3977149,1
0.98720443,1
0.21365003,1
0.9840905,1
0.066155426,0
0.98036563,1
0.053367294,0
0.9902476,1
0.9997365,1
0.7389581,1
0.008111428,0
0.6651518,1
0.0005385017,0
0.0016502474,0
0.13163021,0
0.28249812,0
0.9928654,1
0.9993814,1
0.0031351666,0
0.9948963,1
0.015119229,0
0.334464,0
0.98726815,1
0.073057346,0
0.81540614,0
0.9993847,1
0.90026695,1
0.51570624,1
0.99859226,1
0.05366075,1
0.9904359,1
0.98271334,1
0.99582785,1
0.9732666,1
0.91255724,1
0.9995906,1
0.0093423985,0
0.51617336,0
0.0013060606,0
0.98473704,1
0.9984503,1
0.0014470464,0
0.99529487,1
0.993147,1
0.02691387,0
0.001912928,0
0.98283684,1
0.0059774024,0
0.97280234,1
0.9993571,1
0.9915303,1
0.027306002,0
0.04032103,1
0.99236333,1
0.26998708,0
0.48873696,1
0.010380904,0
0.6368285,1
0.9338454,1
0.81121814,1
0.0029228912,0
0.9943962,1
0.0062885196,0
0.9888218,1
0.99795854,1
0.99964154,1
0.023786161,0
0.20104697,1
0.0016427689,0
0.054354448,0
0.9910415,1
0.7000696,0
0.9190194,1
0.99870884,1
0.95757735,1
0.015508205,0
0.120362416,0
0.998391,1
0.013624661,0
0.073687844,1
0.0026279807,0
0.85885227,1
0.37595353,0
0.0014559687,0
0.0603764,1
0.00065001467,0
0.0034869532,0
0.9975931,1
0.5491711,1
0.8741404,1
0.9996146,1
0.3181004,0
0.98541814,1
0.9993247,1
0.8579804,1
0.9989883,1
0.9808496,1
0.009687351,0
0.9973589,1
0.97656476,1
0.25938386,0
0.0055289003,0
0.00040835407,0
0.8895256,1
0.008179178,0
0.5998384,0
0.001125942,0
0.07774827,0
0.0005585611,0
0.4987592,0
0.2185488,0
0.99831283,1
0.9980978,1
0.9923965,1
0.99780005,1
0.9512742,1
0.0005347117,0
0.004548447,0
0.8639639,0
0.9881342,1
0.77453107,0
0.000956565,0
0.90253127,0
0.96636283,1
0.99965,1
0.03351134,0
0.013318399,0
0.095891364,0
0.845658,1
0.0104582235,0
0.1874984,0
0.11328498,0
0.009636596,0
0.022811372,0
0.47142798,0
0.5181569,1
0.94687146,1
0.012154186,0
0.9433836,1
0.001714715,0
0.8916141,1
0.0014020056,0
0.04027773,1
0.006817301,0
0.031951465,0
0.99194276,1
0.99563396,1
0.23526998,0
0.9578873,1
0.6268012,0
0.010802564,1
0.0044979956,0
0.008415675,0
0.2859321,0
0.9697954,1
0.03000307,0
0.9665583,1
0.9968292,1
0.018966695,0
0.9780351,1
0.009890206,0
0.005796879,0
0.051889937,0
0.02972863,0
0.3419563,0
0.4655653,0
0.16011877,0
0.011863514,0
0.99480355,1
0.91121006,0
0.32458758,0
0.075120874,0
0.99876815,1
0.70608765,1
0.4014148,1
0.43280154,0
0.91540813,1
0.9970584,1
0.12052517,0
0.05701239,0
0.007406053,0
0.0032203668,0
0.9323643,1
0.9862906,1
0.14562614,0
0.93496025,1
0.766276,1
0.49848232,0
0.9726707,1
0.7413411,1
0.0023578026,0
0.54324144,0
0.27722564,1
0.84448874,1
0.021952588,0
0.9753517,1
0.94488585,1
0.920537,1
0.84315854,0
0.06755007,0
0.0024061105,0
0.0073218113,0
0.021262426,0
0.47878104,0
0.006752482,0
0.6744514,1
0.96931016,1
0.4208178,0
0.9723207,1
0.8022603,1
0.106023036,0
0.736813,1
0.005999861,0
0.98551524,1
0.20645764,0
0.963408,1
0.345284,0
0.18433627,0
0.9473313,1
0.9307724,1
0.9990653,1
0.9991123,1
0.8947884,1
0.9991398,1
0.0007463059,0
0.735097,0
0.97396404,1
0.99922764,1
0.2772282,1
0.05116632,0
0.009008502,0
0.0058040726,0
0.99442035,1
0.9955055,1
0.010782742,0
0.23503366,1
0.9979822,1
0.062823616,0
0.9985982,1
0.98556864,1
0.09050174,0
0.29772934,0
0.0298983,0
0.9972843,1
0.17655568,1
0.9990101,1
0.10650842,0
0.8060399,1
0.007892332,1
0.17813675,0
0.98390466,1
0.9926858,1
0.19463861,1
0.0006507675,0
0.94889337,1
0.8486153,1
0.99966925,1
0.78465724,0
0.9552661,1
0.96449775,1
0.69504446,1
0.005252766,0
0.65632623,1
0.9925877,1
0.743884,1
0.0027896583,0
0.0019759997,0
0.9797548,1
0.96942675,1
0.0012668637,0
0.7863929,1
0.9038232,1
0.99879694,1
0.99570304,1
0.9512146,1
0.8888367,1
0.0038762656,0
0.2986204,1
0.74694026,1
0.9951351,1
0.8537366,1
0.09062394,0
0.5425432,0
0.43723232,0
0.0016186353,0
0.9371737,1
0.34220204,0
0.9976045,1
0.9948308,1
0.31783384,0
0.07848789,0
0.06405721,0
0.99561864,1
0.9969476,1
0.015128447,0
0.69435155,1
0.6716766,1
0.9994038,1
0.998572,1
0.9959589,1
0.9958361,1
0.52588105,1
0.002411254,0
0.35570014,1
0.99276954,1
0.01664824,0
0.94439185,1
0.9806291,1
0.9544922,0
0.02170728,0
0.9969409,1
0.9803713,1
0.01746417,0
0.99629414,1
0.0025841075,0
0.17558067,0
0.9987925,1
0.989219,1
0.5654862,0
0.76353323,1
0.11134161,0
0.24179189,1
0.0010500541,0
0.9922477,1
0.0025927187,0
0.9779709,1
0.40013838,1
0.9984509,1
0.032536115,0
0.99855584,1
0.9219018,1
0.07330847,0
0.5427514,0
0.7983093,0
0.8960026,1
0.24583979,0
0.012095012,0
0.48816046,0
0.10389087,0
0.073814794,0
0.94461125,1
0.8407947,1
0.7720804,1
0.6545463,1
0.8062264,1
0.0018885542,0
0.9950571,1
0.039672043,0
0.9980072,1
0.04006528,0
0.0027189066,0
0.96377105,1
0.83115655,1
0.032525435,0
0.9172166,1
0.24580757,0
0.8715876,1
0.7860223,1
0.99950266,1
0.9988228,1
0.0504016,0
0.9647809,1
0.070964664,0
0.987553,1
0.982028,1
0.37963048,0
0.71802753,1
0.046622068,0
0.99308527,1
0.96048784,1
0.99948645,1
0.51202637,0
0.99404067,1
0.7792826,1
0.04020321,0
0.8451988,1
0.42607823,0
0.9557541,1
0.0009580805,0
0.10139839,0
0.6489461,0
0.067185566,0
0.5776586,1
0.99833316,1
0.90889406,1
0.9033028,1
0.1538478,1
0.17287487,0
0.9686471,0
0.98970354,1
0.9913823,1
0.008346167,0
0.99901754,1
0.2653452,0
0.7321183,1
0.0016739672,0
0.91949576,1
0.991819,1
0.0038687661,0
0.20858344,0
0.021145124,0
0.83094966,0
0.13530457,0
0.0028988724,0
0.8809584,1
0.5751578,1
0.99899375,1
0.042405553,0
0.9984668,1
0.1705966,0
0.9804932,1
0.111515686,0
0.94466984,1
0.002501555,0
0.94130915,1
0.22043996,0
0.99569005,1
0.99403,1
0.009030967,0
0.6847574,1
0.006053696,0
0.8245019,1
0.0023011763,0
0.89072144,1
0.006260266,0
0.08408997,0
0.9993579,1
0.9986389,1
0.0051183696,0
0.9341588,1
0.85901374,1
0.34636244,0
0.9868719,1
0.425979,0
0.9992884,1
0.9386042,1
0.9349443,1
0.16376615,0
0.9638213,1
0.98267156,1
0.906896,1
0.81472886,1
0.99889433,1
0.992628,1
0.05146853,0
0.9982132,1
0.3237979,0
0.12790813,1
0.97395384,0
0.9989231,1
0.110735916,1
0.20569041,1
0.02822937,0
0.94893533,1
0.08081896,0
0.9807304,1
0.0011026936,0
0.10267248,0
0.99377906,1
0.58716613,0
0.016846312,0
0.7048754,0
0.99635905,1
0.8827008,1
0.4181436,0
0.9989225,1
0.016892955,0
0.99262035,1
0.43562812,0
0.9925968,1
0.7239588,1
0.9881538,1
0.85094815,1
0.96452254,1
0.9921423,1
0.13685216,0
0.84280795,1
0.040366363,0
0.14838488,0
0.86392516,1
0.99329364,1
0.697702,1
0.99114263,1
0.99320155,1
0.90601146,1
0.36107528,0
0.99928916,1
0.749554,0
0.07483321,0
0.43766227,1
0.37404734,0
0.007170548,0
0.9987587,1
0.013407173,0
0.8898508,1
0.9987858,1
0.9936024,1
0.0020027193,0
0.759839,1
0.99668026,1
0.023489084,0
0.9968713,1
0.9956024,1
0.99985963,1
0.9163979,1
0.99721134,1
0.98318464,1
0.0023239253,0
0.9916526,1
0.9750581,1
0.9425305,1
0.10316326,0
0.0019094443,0
0.007464648,0
0.82322323,1
0.9068452,1
0.99900657,1
0.99980175,1
0.003653922,0
0.9977148,1
0.0042980225,0
0.17271814,0
0.030784812,1
0.9965108,1
0.9893301,1
0.008629222,0
0.030644309,0
0.027252626,0
0.93267745,1
0.85994804,1
0.06573159,0
0.010409252,0
0.0014234782,0
0.24465564,0
0.08311411,0
0.0025953725,0
0.9989673,1
0.3631415,0
0.85501033,1
0.16086566,0
0.06051018,0
0.8977831,1
0.0030984404,0
0.035790183,0
0.5174969,0
0.0137981605,0
0.009274106,0
0.3089717,0
0.9882795,1
0.9258064,1
0.99605054,1
0.99288684,1
0.0026879637,0
0.0018536072,0
0.47867614,0
0.6076836,0
0.9695694,1
0.54661953,0
0.81444186,1
0.01259804,0
0.0014222934,0
0.99714917,1
0.0015654869,0
0.8550318,1
0.13911349,0
0.9748842,1
0.06640057,0
0.9994613,1
0.9088108,1
0.051261865,0
0.99716216,1
0.01024163,0
0.82374525,1
0.058780245,0
0.0076104268,0
0.018855955,0
0.06317749,0
0.873639,1
0.4523254,0
0.042603154,0
0.32859662,1
0.4849208,0
0.2667586,0
0.043464065,0
0.9985202,1
0.85810244,1
0.00028904813,0
0.27959687,1
0.8986595,1
0.9942361,1
0.05689902,0
0.004628668,0
0.7805195,0
0.9772665,1
0.9921635,1
0.0005651841,0
0.12977734,0
0.0037363307,0
0.8760377,1
0.0036984377,0
0.63467306,1
0.99943084,1
0.89498156,1
0.0016736392,0
0.029437045,0
0.9958895,1
0.9983548,1
0.91449344,1
0.43067417,0
0.4060536,0
0.18881023,0
0.9879161,1
0.06514185,0
0.1044188,0
0.10813935,0
0.99780434,1
0.972515,1
0.7044163,1
0.0012143424,0
0.9998392,1
0.9994294,1
0.22083434,0
0.99731284,1
0.001140971,0
0.5969416,0
0.9984623,1
0.003429609,0
0.9960028,1
0.046967257,0
0.9990201,1
0.03417787,0
0.9974844,1
0.99978435,1
0.89949685,1
0.9915379,1
0.026705448,0
0.9726313,1
0.0643953,0
0.9943779,1
0.99986887,1
0.78102636,1
0.042223044,0
0.004428571,0
0.9694069,1
0.1551095,0
0.99607646,1
0.88032085,1
0.0059553892,0
0.0044079404,0
0.15246905,0
0.03593602,0
0.009786625,0
0.99486095,1
0.97650594,1
0.13082929,1
0.040106516,0
0.051753134,0
0.9889944,1
0.4627467,0
0.9922247,1
0.7180458,1
0.05638057,0
0.0055333856,0
0.06699315,0
0.00067746564,0
0.98785126,1
0.3650924,0
0.03738827,0
0.9972288,1
0.8931702,1
0.99812776,1
0.99822885,1
0.00630314,0
0.010887754,0
0.9915608,1
0.49110764,0
0.65449154,1
0.9650194,1
0.44254023,1
0.70801336,0
0.6376587,1
0.9998001,1
0.8378436,0
0.95312464,1
0.9990557,1
0.0029200742,0
0.99880266,1
0.40141296,0
0.93194485,1
0.88054687,0
0.9868351,1
0.9980048,1
0.99343,1
0.5949432,1
0.9993537,1
0.9950735,1
0.98853606,1
0.0032576013,0
0.9984485,1
0.2565314,0
0.015272068,0
0.0064024953,0
0.5153685,0
0.83115757,1
0.96217585,1
0.012479893,0
0.7186479,0
0.0028299326,0
0.9615997,0
0.08641162,0
0.06355014,0
0.026711691,1
0.033796266,0
0.7166375,1
0.096196614,0
0.9973587,1
0.5751218,1
0.3110631,0
0.24613097,0
0.01946075,0
0.79951143,1
0.16458161,0
0.7043464,1
0.96684027,1
0.99941623,1
0.99606407,1
0.9117386,1
0.6939628,0
0.9797436,1
0.973859,1
0.9906126,1
0.98702544,0
0.99899083,1
0.8495959,1
0.85714436,1
0.03133548,0
0.008783616,0
0.9991883,1
0.47862738,1
0.99639004,1
0.9870607,1
0.99312097,1
0.9495165,1
0.0060080225,0
0.1106257,0
0.009604711,0
0.81505185,1
0.99548423,1
0.045266375,0
0.007953935,0
0.41411573,1
0.98580724,1
0.996528,1
0.0018387424,0
0.8389608,1
0.9905364,1
0.9970891,1
0.01068317,0
0.016270332,0
0.99984944,1
0.06764366,0
0.9994896,1
0.14568605,0
0.54442734,1
0.9787089,1
0.9976777,1
0.99772346,1
0.9403531,1
0.99744403,1
0.041335344,0
0.72631955,1
0.8086236,1
0.24703796,0
0.72321564,0
0.99943554,1
0.8552903,0
0.13644242,0
0.9945504,1
0.0018222427,0
0.9991299,1
0.008414219,0
0.06634592,0
0.09569563,1
0.041496273,0
0.030932847,0
0.0023198626,0
0.07208302,0
0.97201383,1
0.99874085,1
0.98283637,1
0.016971853,0
0.99694425,1
0.04111477,0
0.62292194,1
0.9860269,1
0.3333136,1
0.056514256,0
0.021518681,0
0.9780377,1
0.99906623,1
0.0007382776,0
0.99797785,1
0.989087,1
0.005213306,0
0.0032672335,0
0.75328964,1
0.9741737,1
0.8313114,1
0.007281532,0
0.4925421,0
0.07738013,0
0.89472675,1
0.030789867,0
0.17112151,0
0.23140304,0
0.99605113,1
0.002188009,0
0.083126865,0
0.87324774,1
0.00079892634,0
0.013152979,0
0.99853504,1
0.99463445,1
0.55165863,1
0.94354904,1
0.0024710076,0
0.8686358,1
0.00035632125,0
0.9974939,1
0.2509419,1
0.10589473,0
0.99763405,1
0.99911994,1
0.9942859,1
0.9910995,1
0.026353348,0
0.4869689,0
0.99901885,1
0.8926317,1
0.2546217,1
0.7407341,1
0.085390314,0
0.0006037721,0
0.62100613,1
0.9983479,1
0.00044000856,0
0.01357487,0
0.06705141,0
0.99808407,1
0.10644926,0
0.0033433295,0
0.046950407,0
0.2917609,0
0.6175821,1
0.54063195,1
0.22262254,1
0.8682621,1
0.99519205,1
0.62816876,1
0.104919806,0
0.40528387,0
0.002400293,0
0.99978524,1
0.7420066,1
0.0028828417,0
0.9842118,1
0.5382999,0
0.98091495,1
0.4997405,1
0.009011576,0
0.07482271,0
0.00056452595,0
0.0040406077,0
0.9968358,1
0.99895346,1
0.9399859,1
0.99397385,1
0.90933675,1
0.0027098956,0
0.9841503,1
0.9700879,1
0.11085634,0
0.99928933,1
0.06982261,0
0.9211639,1
0.9992938,1
0.033456627,0
0.99741447,1
0.22164159,0
0.0020146114,0
0.0041633113,0
0.6194739,1
0.003468636,0
0.5896998,1
0.0019637612,0
0.9661546,1
0.96691453,1
0.003197732,0
0.96039855,1
0.00077133364,0
0.9678337,1
0.0008801327,0
0.0007125515,0
0.007211833,0
0.12099354,1
0.68423504,1
0.22237584,0
0.3483515,1
0.024846887,0
0.9761318,1
0.9838354,1
0.99975413,1
0.17884159,0
0.95493716,1
0.014222552,0
0.6229325,1
0.006214607,0
0.0015631046,0
0.039494347,0
0.9995998,1
0.78183705,1
0.99726784,1
0.8955803,0
0.9234072,1
0.92124283,1
0.9223436,1
0.02416557,0
0.0052909544,0
0.99701405,1
0.9998379,1
0.9831729,0
0.39669305,0
0.010226097,0
0.0013514342,0
0.009235464,0
0.009006438,0
0.98254335,1
0.7598049,1
0.8613594,0
0.9553917,1
0.87172383,1
0.9289829,1
0.5947057,1
0.9985677,1
0.2950295,1
0.45721346,1
0.47259775,0
0.02150396,0
0.58499986,1
0.5888688,1
0.014963572,0
0.08274094,0
0.33410794,0
0.043045383,0
0.8844186,1
0.73792934,0
0.989072,1
0.00457548,0
0.7577246,0
0.004586323,0
0.9996635,1
0.99194753,1
0.0019145329,0
0.9039254,1
0.004052488,0
0.82686174,1
0.98694265,1
0.002998778,0
0.0019621209,0
0.012536165,0
0.007435144,0
0.9994504,1
0.15107037,0
0.0007863881,0
0.04581899,0
0.043213718,0
0.85688716,1
0.94281405,1
0.71541095,1
0.0014837902,0
0.0027614948,0
0.95924246,1
0.9947704,1
0.92638856,1
0.9980656,1
0.9973935,1
0.9821936,1
0.12353498,0
0.9600979,1
0.64777774,1
0.33626974,1
0.0029584598,0
0.015084943,0
0.9563034,1
0.024198538,0
0.7986169,0
0.930513,1
0.64517444,1
0.06024944,0
0.010968129,0
0.72055423,1
0.5209488,1
0.99791396,1
0.9988414,1
0.0072237784,0
0.9995505,1
0.8178722,1
0.7240363,1
0.9990679,1
0.0037098317,0
0.54683053,1
0.9988516,1
0.33395508,1
0.9997185,1
0.96222126,1
0.68061715,1
0.9945191,1
0.06766566,0
0.11816198,0
0.9701808,1
0.38172647,0
0.21833214,0
0.04556429,0
0.99884206,1
0.5268475,1
0.017613752,0
0.0027923286,0
0.9950293,1
0.999817,1
0.77730143,1
0.9681142,1
0.8994256,1
0.9986645,1
0.017051319,0
0.99930286,1
0.9450164,1
0.98713857,1
0.9998086,1
0.15739848,0
0.5640694,0
0.9946066,1
0.93769944,1
0.9999021,1
0.9864515,1
0.00011940861,0
0.016430328,0
0.7017859,0
0.9981065,1
0.004027492,0
0.9964606,1
0.97123224,1
0.9677769,1
0.003908575,0
0.9907667,1
0.015772527,0
0.13719505,0
0.05533864,0
0.74952745,0
0.969977,1
0.800341,1
0.75774556,1
0.03146374,0
0.9154161,1
0.8453142,1
0.002267853,0
0.49914235,0
0.99960506,1
0.005211763,0
0.9984395,1
0.00025197692,0
0.986848,1
0.33458212,0
0.9993107,1
0.22576109,0
0.1880373,1
0.49619594,0
0.97722995,1
0.0027297593,0
0.9996253,1
0.7739138,1
0.018285915,1
0.21889088,0
0.020409636,0
0.23057401,0
0.99834555,1
0.92155397,0
0.86161643,1
0.0030308594,0
0.9830861,1
0.008368154,0
0.01320461,0
0.9833704,1
0.0745348,0
0.900601,1
0.9991002,1
0.34643278,0
0.022448247,0
0.021262703,0
0.89323485,0
0.99846923,1
0.90418255,0
0.99610674,1
0.99977523,1
0.98194516,1
0.075185604,0
0.08676155,0
0.0032224334,0
0.6688542,0
0.09413985,1
0.9649494,1
0.004054003,0
0.9990715,1
0.99647886,1
0.44965553,1
0.00041010702,0
0.22982235,0
0.00069713994,0
0.0023971414,0
0.98547137,1
0.1621488,0
0.043938965,0
0.078760765,0
0.9850386,1
0.9949039,1
0.876433,1
0.9318906,1
0.32911822,0
0.6283886,0
0.99451125,1
0.033752725,0
0.9544512,1
0.008557271,0
0.99919385,1
0.980851,1
0.15279233,0
0.09183655,0
0.99307996,1
0.99950886,1
0.07049583,0
0.1108641,0
0.011165921,1
0.2967707,1
0.08068005,0
0.00076605513,0
0.2501783,1
0.07379369,0
0.021013109,0
0.011808156,0
0.99818385,1
0.005631277,0
0.99425477,1
0.81859094,0
0.00052160694,0
0.07577143,0
0.076308355,0
0.96694547,1
0.024615219,0
0.9977112,1
0.20158193,0
0.9280731,1
0.8530265,1
0.0042049265,0
0.8050457,1
0.113424875,0
0.9196579,1
0.0010083214,0
0.13934223,0
0.04498976,1
0.025758356,1
0.25332266,0
0.095139205,0
0.024306312,0
0.84771836,1
0.87451804,1
0.020763872,0
0.99578893,1
0.046331,0
0.9738902,1
0.8682268,1
0.014317622,0
0.05461946,1
0.019266669,0
0.17336094,0
0.99993265,1
0.013931071,0
0.0011871974,0
0.9284447,1
0.0008362688,0
0.563315,1
0.00088915264,0
0.2316082,1
0.0930472,0
0.05237745,0
0.0014428535,0
0.0010786061,0
0.9962696,1
0.9972065,1
0.0032922407,0
0.99293834,1
0.9998029,1
0.99797267,1
0.9986657,1
0.82523555,1
0.9177316,1
0.9944719,1
0.9535263,1
0.99911183,1
0.99940956,1
0.01300106,0
0.2493057,0
0.78269076,1
0.99718237,1
0.94307977,1
0.9977726,1
0.9609254,1
0.01735294,0
0.9682252,1
0.4355735,0
0.084864706,0
0.0023473776,0
0.9788802,1
0.34973803,0
0.98634213,1
0.40101552,0
0.8277911,1
0.48033723,0
0.11526817,0
0.9229,1
0.99691117,1
0.013966543,0
0.26753467,0
0.04726223,0
0.99030113,1
0.99955195,1
0.9841797,1
0.31018686,0
0.9989436,1
0.9996575,1
0.88122815,1
0.98123395,1
0.9968994,1
0.98271286,1
0.9779173,1
0.5601849,0
0.063130856,0
0.9891893,1
0.96227825,1
0.02373267,0
0.03052949,0
0.99251163,1
0.86600125,1
0.98835784,1
0.99432486,1
0.9999172,1
0.032758277,0
0.99046594,1
0.0005596205,0
0.8905155,1
0.016545633,0
0.022129798,0
0.0022494434,0
0.9904753,1
0.99927694,1
0.38384166,0
0.8888625,1
0.96492565,1
0.06037879,0
0.99534863,1
0.93853825,1
0.97381246,1
0.99689275,1
0.031521767,1
0.99421614,1
0.84937745,1
0.86410874,1
0.99355495,1
0.999321,1
0.97433937,1
0.6904266,1
0.14592683,0
0.99093854,1
0.0005405876,0
0.11510198,1
0.17478946,0
0.1031961,0
0.99734557,1
0.019784668,0
0.95749366,1
0.1981443,0
0.9724309,1
0.88721067,1
0.88272226,1
0.0009438804,0
0.96961915,1
0.25160897,0
0.21720596,1
0.93330157,1
0.9998072,1
0.7078309,1
0.17081615,0
0.97711194,1
0.9930336,1
0.0006734148,0
0.0024871128,0
0.8871729,1
0.0018217113,0
0.9315747,1
0.025095288,0
0.99930143,1
0.9335271,0
0.9211656,0
0.101884626,0
0.004306925,0
0.6679401,1
0.9958787,1
0.016391043,0
0.97710025,1
0.0006041028,0
0.96461153,1
0.60411143,0
0.9947678,1
0.99690497,1
0.054961465,0
0.8765186,1
0.8197066,0
0.99379194,1
0.023446526,0
0.99722606,1
0.99264824,1
0.014382383,0
0.006508154,0
0.00056677574,0
0.23842783,0
0.117631115,0
0.0017270409,0
0.9979413,1
0.38478282,0
0.92136276,1
0.048730876,0
0.115569994,0
0.9927825,1
0.9975103,1
0.013653708,0
0.9927449,1
0.9914998,1
0.99543494,1
0.98427343,1
0.0014803748,0
0.9999088,1
0.9028808,0
0.005520849,0
0.82549846,1
0.3788772,0
0.0034462889,0
0.987255,1
0.99867934,1
0.997124,1
0.58423626,1
0.9989117,1
0.9327644,1
0.98605174,1
0.021524671,0
0.15958409,0
0.91416436,1
0.048011974,0
0.9972612,1
0.92822057,1
0.84751403,1
0.40620953,0
0.0020707184,0
0.014002724,0
0.20808291,0
0.19287688,0
0.8237116,1
0.9985259,1
0.8921124,1
0.99427813,1
0.92017317,1
0.952258,1
0.984553,1
0.3121364,0
0.9740923,1
0.8758826,1
0.9991086,1
0.9820533,1
0.0019130444,0
0.09376858,0
0.051988613,0
0.94166946,1
0.9569316,1
0.9761342,1
0.9713907,1
0.89359033,1
0.9998571,1
0.02324529,0
0.016954573,0
0.2873184,1
0.99907047,1
0.984223,1
0.9823822,1
0.87754095,1
0.491405,1
0.43093258,1
0.002719159,0
0.99997985,1
0.9954947,1
0.99557257,1
0.022285948,0
0.0068120793,0
0.99493086,1
0.004649336,0
0.999601,1
0.90042436,1
0.108363196,0
0.5694196,1
0.108288005,1
0.9932319,1
0.048267726,0
0.008540114,0
0.9660203,1
0.0036982466,0
0.0033020016,0
0.68769586,1
0.0038971766,0
0.3962676,0
0.997492,1
0.00032598825,0
0.31637153,0
0.9943379,1
0.14379975,0
0.013126465,0
0.0003844271,0
0.010050224,0
0.99524057,1
0.0077312947,0
0.16730176,0
0.0038915589,0
0.006058234,0
0.015611676,0
0.18690354,0
0.022851473,0
0.9951664,1
0.046026908,0
0.0014612991,0
0.0023265237,0
0.9987234,1
0.15109311,0
0.007993729,0
0.006117227,0
0.71760803,1
0.119772755,0
0.93206346,1
0.20538354,0
0.63920134,0
0.99762905,1
0.023419634,0
0.6957663,1
0.9888732,1
0.9921664,1
0.9866478,1
0.21885303,0
0.07301888,0
0.08876628,0
0.013208235,0
0.999275,1
0.033556607,0
0.011974585,0
0.07542672,0
0.99623823,1
0.8289892,1
0.6907776,1
0.036409255,0
0.065480895,0
0.9920184,1
0.292311,1
0.98695123,1
0.99906796,1
0.04177784,0
0.010242152,0
0.6266978,1
0.018626673,0
0.99517214,1
0.77714026,1
0.9887217,1
0.66093355,1
0.21065144,0
0.9993609,1
0.0091390265,0
0.99797696,1
0.3638472,0
0.99882805,1
0.0112144565,0
0.9973341,1
0.11133595,0
0.47049513,1
0.9681465,1
0.37214518,0
0.22969656,1
0.95628566,1
0.0006190641,0
0.89826953,1
0.27655274,1
0.0046903472,0
0.99812955,1
0.25973874,0
0.008955094,0
0.99610776,1
0.950864,1
0.9991872,1
0.9894487,1
0.5213209,1
0.6847808,1
0.026192537,0
0.8047291,1
0.41815037,1
0.99199855,1
0.0056525543,0
0.9958968,1
0.08422528,0
0.0047820825,0
0.9997427,1
0.9647539,1
0.0206619,0
0.007982446,0
0.99834573,1
0.28858575,0
0.9832339,1
0.99954444,1
0.0048729293,0
0.21509509,0
0.75493306,1
0.8762644,1
0.99341714,1
0.032434683,0
0.95217,1
0.18720268,1
0.9986393,1
0.73052347,1
0.3811933,0
0.009668422,0
0.008146429,0
0.9942892,1
0.9975651,1
0.98066723,1
0.99379575,1
0.07043911,0
0.99581635,1
0.009343594,0
0.2817578,0
0.024014171,0
0.028059293,0
0.9230436,1
0.006451507,0
0.7965814,1
0.0046052905,0
0.35220823,0
0.99591017,1
0.98830473,1
0.009546288,0
0.74775577,0
0.46203318,1
0.7811292,0
0.018115394,1
0.9994248,1
0.049304042,0
0.15588605,0
0.8674811,1
0.45476466,0
0.002806026,0
0.014183095,0
0.5623647,1
0.95477974,1
0.057710946,0
0.96215457,1
0.9911367,1
0.05260681,0
0.16870084,0
0.99342793,1
0.9786557,1
0.0100363195,0
0.9667449,1
0.00090359023,0
0.9798111,1
0.9613757,1
0.09095018,0
0.009467406,0
0.986616,1
0.98857677,1
0.72501963,0
0.008450405,0
0.9955698,1
0.99943525,1
0.11188252,0
0.4313991,1
0.98211193,1
0.014194074,0
0.9990681,1
0.6068402,0
0.8528346,1
0.0509611,0
0.978014,1
0.85711753,1
0.9987295,1
0.34808967,0
0.010950334,0
0.99564373,1
0.9997481,1
0.99297255,1
0.9859358,1
0.997299,1
0.004312906,0
0.7900202,0
0.997567,1
0.9054205,1
0.98832846,1
0.99927604,1
0.9790823,1
0.992191,1
0.00218791,0
0.021740751,0
0.102523126,0
0.06587647,0
0.03215471,0
0.37787417,0
0.0020349477,0
0.252414,0
0.9995826,1
0.98387796,1
0.76426905,1
0.98540723,1
0.9108256,1
0.9985777,1
0.9581701,1
0.94307697,1
0.96138555,1
0.28558227,0
0.027955383,0
0.9888209,1
0.8195096,1
0.0036821333,0
0.9667225,1
0.05298691,1
0.00094213465,0
0.9731218,1
0.99741733,1
0.0029857159,0
0.42392373,1
0.9923912,1
0.9342613,1
0.8303391,1
0.16696219,0
0.5436098,1
0.89671195,1
0.25159806,0
0.6381216,1
0.0035513733,0
0.964223,1
0.034522668,0
0.0026459869,0
0.01230996,0
0.90117234,1
0.99799615,1
0.9612988,1
0.04906515,0
0.85863113,1
0.09614427,0
0.99546164,1
0.059742488,0
0.62046856,1
0.98839843,1
0.4689386,0
0.00716633,0
0.9996349,1
0.036210794,1
0.0028542897,0
0.99941576,1
0.9822787,1
0.025678981,0
0.0043442007,0
0.70088476,1
0.97387934,1
0.3220041,1
0.99657047,1
0.12425492,0
0.42264017,1
0.2612469,0
0.9655741,1
0.00045297304,0
0.9737666,1
0.9978722,1
0.95516884,1
0.97384346,1
0.0060010836,0
0.68115205,1
0.051887263,0
0.99392855,1
0.0003433383,0
0.9539293,1
0.0057325508,0
0.9871548,1
0.9992283,1
0.033781093,0
0.020372977,0
0.9997672,1
0.4323228,0
0.993528,1
0.060951315,0
0.9952877,1
0.9997264,1
0.89696085,1
0.0032528671,0
0.31681222,1
0.9970457,1
0.9683877,1
0.98587054,1
0.8302921,1
0.01505065,0
0.99866855,1
0.9998018,1
0.9824936,1
0.9938647,1
0.9603367,1
0.21088524,0
0.009227265,0
0.016557384,0
0.7380246,0
0.9923502,1
0.98815,1
0.703782,1
0.09602146,0
0.01020456,0
0.06609856,0
0.00083417894,0
0.99442357,1
0.0028644456,0
0.98961323,1
0.89846563,1
0.98761207,1
0.3023348,0
0.9993595,1
0.0138751,0
0.0043074605,0
0.99203336,1
0.063758574,0
0.29991728,0
0.6577465,1
0.9947108,1
0.78989476,1
0.0012654979,0
0.9523813,1
0.13816072,1
0.05958562,0
0.48506278,1
0.97490025,1
0.866357,1
0.991861,1
0.022522528,0
0.8386754,1
0.0026119207,0
0.9370615,1
0.9782134,1
0.83715093,1
0.9993082,1
0.21015342,0
0.92620325,0
0.99334943,1
0.74026376,0
0.84902525,1
0.99814236,1
0.6485376,1
0.998044,1
0.93257123,1
0.85204375,1
0.99751174,1
0.4261999,1
0.9735613,1
0.9971134,1
0.08441671,0
0.8820022,1
0.9776683,1
0.6016225,0
0.82667845,1
0.40560573,1
0.33659342,0
0.268741,0
0.5950138,0
0.93576515,1
0.92910814,1
0.991971,1
0.25205526,0
0.970228,1
0.110378265,0
0.9990772,1
0.9989556,1
0.40718132,0
0.9764346,1
0.3717839,0
0.5498601,1
0.044624656,0
0.008687887,0
0.034269683,0
0.48458394,1
0.98579156,1
0.080673486,0
0.86528987,1
0.9994894,1
0.004627315,0
0.92306674,1
0.99038374,1
0.052115314,0
0.9998642,1
0.0747372,0
0.0016492758,0
0.86673564,1
0.052483805,0
0.0060308147,0
0.6013673,1
6.448136e-05,0
0.95995414,1
0.9990007,1
0.88163316,1
0.0014546557,0
0.014701734,0
0.9986243,1
0.9989791,1
0.0016003952,0
0.012401024,0
0.036468692,0
0.46927395,0
0.010054946,0
0.25511184,0
0.16519687,0
0.0020856597,0
0.17459911,0
0.9935563,1
0.9776518,1
0.9873444,1
0.9948144,1
0.99967813,1
0.0040694303,0
0.9798752,1
0.25361443,0
0.95949143,1
0.99970406,1
0.021888161,0
0.0041598533,0
0.045289222,1
0.18348257,0
0.0021477768,0
0.0017169358,0
0.37851936,0
0.89840114,1
0.99930775,1
0.93445504,1
0.044377077,0
0.99781525,1
0.8723906,1
0.9136922,1
0.0077359267,0
0.8683813,1
0.07948675,0
0.9909671,1
0.9978889,1
0.45879635,0
0.8899244,1
0.9981163,1
0.008451883,1
0.9975147,1
0.011951185,0
0.0054176217,0
0.99907875,1
0.9873408,1
0.95888484,0
0.9688848,1
0.028992426,0
0.009095561,0
0.18199214,0
0.019612549,0
0.93624675,0
0.8315438,1
0.97792244,1
0.9992161,1
0.9919941,1
0.99668753,1
0.58593416,1
0.99798477,1
0.8572849,1
0.017189754,0
0.0022649835,0
0.0026472544,0
0.97897273,1
0.0010940493,0
0.20556422,1
0.6941545,1
0.001809552,0
0.0023030338,0
0.9703561,1
0.9991657,1
0.86995304,1
0.70725125,1
0.99578583,1
0.99460137,1
0.00067811616,0
0.9987016,1
0.98848903,1
0.24638677,1
0.0021795896,0
0.00016850214,0
0.9985545,1
0.19822381,1
0.97487944,1
0.6824931,1
0.8758645,1
0.9016802,1
0.87502927,1
0.003509398,0
0.99985945,1
0.708526,1
0.85229266,1
0.98064053,1
0.55520356,1
0.990451,1
0.99490213,1
0.8974155,1
0.14002417,0
0.20133576,1
0.9790176,1
0.99907285,1
0.0643317,0
0.18624721,0
0.021305704,0
0.9304291,1
0.46282965,0
0.8272954,1
0.963194,1
0.99625474,1
0.3439766,0
0.9003953,1
0.0017419478,0
0.99374074,1
0.88238746,1
0.5823436,1
0.006016392,0
0.102494895,1
0.0013919444,0
0.0013456618,0
0.804722,1
0.0005610671,0
0.0006501284,0
0.9991191,1
0.06372955,0
0.66372323,1
0.9996811,1
0.85368097,1
0.99450606,1
0.025336359,0
0.22000316,0
0.99981654,1
0.9503292,1
0.0017489368,0
0.9974679,1
0.9763589,1
0.99146044,1
0.0012273408,0
0.9982606,1
0.99704087,1
0.97000587,1
0.016282959,0
0.5783041,0
0.00082938484,0
0.42102662,1
0.9873524,1
0.6709212,1
0.25851092,0
0.8976146,1
0.011020559,0
0.03931184,0
0.04625801,0
0.99757415,1
0.99218667,1
0.060779758,0
0.87685585,0
0.9970747,1
0.9786817,1
0.99810284,1
0.9965533,1
0.9994973,1
0.9516861,1
0.00292909,0
0.0011260074,0
0.9977425,1
0.013033611,0
0.97599137,1
0.999183,1
0.0044200085,0
0.9982089,1
0.96021634,1
0.997599,1
0.9320673,1
0.8605134,1
0.9909339,1
0.61609674,1
0.0066298107,0
0.25297245,1
0.12722841,0
0.08064559,0
0.5316376,1
0.95614433,1
0.6035965,0
0.789025,1
0.99991685,1
0.96591395,1
0.22521499,1
0.97957546,1
0.82814395,1
0.9049797,1
0.9947802,1
0.015314241,0
0.0118645355,0
0.78577536,0
0.99475336,1
0.004712381,0
0.019503202,0
0.013766753,0
0.9976431,1
0.381911,0
0.0033136574,0
0.99846184,1
0.5123635,1
0.007927663,0
0.59833795,0
0.023749745,0
0.15493588,0
0.80796254,1
0.0042207516,0
0.9989274,1
0.99794275,1
0.9991379,1
0.20697913,0
0.02177512,0
0.9909178,1
0.9177273,1
0.99842167,1
0.9334801,1
0.7653132,1
0.03450754,0
0.5476306,0
0.011395385,0
0.9602641,1
0.019106103,0
0.09293883,0
0.9195398,1
0.15078355,0
0.9965094,1
0.99725085,1
0.9998678,1
0.9964366,1
0.0036276474,0
0.9985582,1
0.9984428,1
0.981156,0
0.9971508,1
0.43110758,1
0.0018027613,0
0.96492326,1
0.99958307,1
0.9983525,1
0.99703825,1
0.017684055,0
0.12320509,0
0.022275575,0
0.87028444,1
0.998971,1
0.019853054,0
0.9973418,1
0.9994675,1
0.07299945,0
0.13347702,0
0.9954957,1
0.94382066,1
0.0002435956,0
0.8365041,0
0.9993418,1
0.8720171,1
0.9511021,1
0.9613396,1
0.99926054,1
0.7383817,0
0.9990738,1
0.7232414,1
0.0042577195,0
0.98924655,0
0.007218548,0
0.13470887,0
0.025935005,0
0.999526,1
0.8106259,1
0.00512979,0
0.015011899,0
0.9737169,1
0.012304855,0
0.24343064,1
0.007406214,0
0.28975543,0
0.96541107,1
0.92106503,1
0.73790854,1
0.99719393,1
0.0047000404,0
0.16045536,0
0.8398269,1
0.001868093,0
0.97871894,1
0.19253372,0
0.006253115,0
0.98943627,1
0.0077974955,0
0.017204236,0
0.9998957,1
0.8847265,0
0.9121769,1
0.99101985,1
0.89121485,1
0.9967004,1
0.0031364276,0
0.65497714,0
0.22308376,1
0.009546545,0
0.028957289,0
0.18268806,0
0.0038386781,0
0.43495315,0
0.97082126,0
0.9229331,1
0.950609,1
0.8196722,1
0.6232435,1
0.93764496,1
0.02278404,0
0.53315294,1
0.98522204,1
0.99908495,1
0.49125725,0
0.99234927,1
0.0010471108,0
0.03007352,0
0.07270416,0
0.08433218,0
0.008714457,0
0.9954165,1
0.9990407,1
0.02811553,0
0.9565612,1
0.98660123,1
0.031253047,0
0.34091488,1
0.99821824,1
0.48623425,0
0.0060608275,0
0.7224124,1
0.9950984,1
0.9986717,1
0.0412261,0
0.25463915,0
0.014785664,0
0.9822529,0
0.9194087,1
0.0042564883,0
0.8330353,1
0.891444,1
0.38509595,1
0.9997918,1
0.7372596,1
0.07063193,0
0.105679296,0
0.7276738,0
0.5511234,1
0.84406245,1
0.98986495,1
0.92643815,1
0.17433661,0
0.6740039,1
0.9527248,1
0.049410757,0
0.66810536,0
0.9985342,1
0.21847764,0
0.12672175,0
0.99987584,1
0.023651304,0
0.9991318,1
0.7811144,1
0.6715422,0
0.9988555,1
0.082054354,0
0.9993594,1
0.029436935,0
0.0016175922,0
0.16275099,0
0.9427301,1
0.99650776,1
0.12692013,0
0.011867762,0
0.979548,1
0.9912451,1
0.00057811016,0
0.0070296167,0
0.96743774,1
0.019787485,0
0.006361014,0
0.00044772238,0
0.998726,1
0.81147814,1
0.93210906,1
0.96340644,1
0.9405058,1
0.72104686,0
0.005720572,0
0.12689905,0
0.044393916,0
0.20266247,0
0.9905046,1
0.99882096,1
0.9663681,1
0.26164225,0
0.8696399,1
0.80738723,0
0.9481336,1
0.0008972034,0
0.21605775,0
0.9993774,1
0.9575739,1
0.7575912,1
0.6900618,1
0.33553454,1
0.99707234,1
0.99394035,1
0.77032214,0
0.09171121,0
0.9547671,1
0.0010489088,0
0.70041114,1
0.8246967,1
0.25927764,0
0.061925925,0
0.996411,1
0.007114197,0
0.0070919516,0
0.9499119,1
0.98894423,1
0.009670102,0
0.019205438,0
0.0022322107,0
0.9957573,1
0.99843633,1
0.9876421,1
0.9860638,1
0.025517806,0
0.38996705,0
0.9994629,1
0.10585618,0
0.4080244,0
0.8840362,1
0.8537165,1
0.062302418,0
0.9092587,1
0.0015575695,0
0.9218885,1
0.72171813,1
0.45578218,0
0.94036466,1
0.21136156,1
0.9656574,1
0.9736848,1
0.60958385,1
0.041349255,0
0.9996182,1
0.013410251,0
0.17477286,1
0.8501719,0
0.9978131,1
0.04962647,0
0.99922657,1
0.9982583,1
0.8089037,0
0.0028673331,0
0.9686003,1
0.17063174,0
0.041063327,0
0.062788956,0
0.21872945,0
0.8843535,1
0.99759656,1
0.005337301,0
0.1173692,0
0.019050099,0
0.89618474,1
0.79334664,0
0.99100083,1
0.2901399,0
0.7959095,1
0.9976942,1
0.071748525,0
0.11456636,0
0.22898278,0
0.88310975,1
0.99916494,1
0.94148844,1
0.9979502,1
0.8459589,1
0.0011995672,0
0.00405392,0
0.541211,1
0.93509233,1
0.09261143,0
0.84325093,1
0.9493629,1
0.12346681,0
0.26978362,0
0.9975225,1
0.025186818,0
0.4888381,0
0.6874222,1
0.010993235,0
0.28210428,0
0.025677273,0
0.0005976181,0
0.014958849,0
0.988612,1
0.9216288,1
0.0016221097,0
0.9980184,1
0.32607266,0
0.108699344,0
0.038158763,0
0.97666264,1
0.88666123,0
0.00029854933,0
0.99503314,1
0.53029364,0
0.99248254,1
0.998816,1
0.08596098,0
0.66683835,0
0.98379123,1
0.75150555,1
0.9723194,1
0.9905702,1
0.014375275,0
0.9823704,1
0.06958801,0
0.5392969,0
0.2846562,0
0.066811405,0
0.02594937,0
0.01335966,0
0.0040824646,0
0.80477965,1
0.924907,1
0.97674,1
0.794029,1
0.003654658,0
0.98636043,1
0.95047206,1
0.40605974,1
0.6413777,0
0.11362614,0
0.9974321,1
0.9580676,1
0.9988514,1
0.12853366,0
0.17055108,0
0.00064766087,0
0.08939517,0
0.985081,1
0.9931267,1
0.82546437,1
0.060995124,0
0.005219603,0
0.9734088,1
0.06638018,0
0.026033044,0
0.84278315,1
0.99769956,1
0.9944504,1
0.9930151,1
0.009880556,0
0.95520747,1
0.9810999,1
0.998576,1
0.5373177,0
0.99337643,1
0.1400502,0
0.99886626,1
0.0017551414,0
0.7988682,1
0.99196035,1
0.5050394,0
0.8455284,0
0.98477316,1
0.010723431,0
0.9766242,1
0.9734005,1
0.97982943,1
0.99855745,1
0.03526888,0
0.98363245,1
0.9974927,1
0.99750674,1
0.95974797,1
0.908728,1
0.97596484,1
0.71317804,1
0.6917986,1
0.9977584,1
0.9987931,1
0.76438534,1
0.99438775,1
0.5417404,0
0.9944266,1
0.9801668,1
0.98769253,0
0.035771392,0
0.9995403,1
0.38348302,0
0.99935466,1
0.9999563,1
0.9198019,1
0.12042461,0
0.09236893,0
0.024150323,0
0.0028523295,0
0.99861354,1
0.7478751,1
0.9945775,1
0.18352461,0
0.9951931,1
0.99770623,1
0.95423585,1
0.9771284,1
0.9961786,1
0.09217188,1
0.9962133,1
0.026197154,0
0.07191329,0
0.9852341,1
0.9919836,1
0.01960903,0
0.0071861735,0
0.8759512,1
0.9703825,1
0.001006356,0
0.0056955228,0
0.9959804,1
0.0007144153,0
0.9514248,1
0.023843873,0
0.25786158,0
0.9981073,1
0.017852876,0
0.013762616,0
0.9262163,1
0.99870765,1
0.027977612,0
0.76615196,1
0.026610333,0
0.96766293,1
0.9211189,1
0.029767018,0
0.06764853,1
0.97649175,1
0.9756192,1
0.99896896,1
0.99974805,1
0.87375844,1
0.92322123,1
0.99548805,1
0.9486348,1
0.95781314,1
0.9799193,1
0.23163965,0
0.0025456243,0
0.16185293,0
0.36940193,1
0.12315507,1
0.07451614,0
0.9946391,1
0.99942243,1
0.9643792,1
0.023280693,0
0.99976045,1
0.99976903,1
0.99564457,1
0.2830336,1
0.8560276,1
0.054691862,0
0.96105623,1
0.8838302,1
0.098753154,1
0.026620347,0
0.02533356,0
0.9989581,1
0.91655236,1
0.0018312304,0
0.9551624,1
0.0029189873,0
0.94098836,1
0.33947948,0
0.99265623,1
0.99653435,1
0.008058964,0
0.96969396,1
0.8255137,1
0.002670889,0
0.9778061,0
0.18505447,0
0.006303149,0
0.7556559,1
0.03818724,0
0.98742926,1
0.9993185,1
0.002103461,0
0.0042399177,0
0.00502938,0
0.0018736434,0
0.91583,1
0.0014949021,0
0.9914749,1
0.9602415,1
0.026787573,0
0.99458754,1
0.97924614,1
0.00605388,0
0.9494036,1
0.9994855,1
0.14069635,1
0.0021866518,0
0.9955403,1
0.99896145,1
0.99957097,1
0.9976243,1
0.037398998,0
0.79006755,0
0.52809894,1
0.18371174,0
0.44482988,0
0.5338969,0
0.3253056,0
0.9889048,1
0.008658282,0
0.20514575,0
0.266584,1
0.9986168,1
0.9965701,1
0.90864027,1
0.942753,1
0.1008834,0
0.23569825,0
0.99735796,1
0.0009508481,0
0.0074466774,0
0.99911296,1
0.5246816,1
0.96007407,1
0.91355884,1
0.9911418,1
0.02686287,0
0.035140652,0
0.0561877,1
0.3960636,0
0.97268856,1
0.95336306,1
0.15235093,0
0.014365596,0
0.995581,1
0.99839383,1
0.7959807,1
0.6997043,0
0.5598747,1
0.9732973,1
0.9671,1
0.92756784,1
0.91852486,1
0.83301145,1
0.9997824,1
0.9962246,1
0.963774,1
0.028508136,0
0.95155907,1
0.9977652,1
0.95997536,1
0.9048818,1
0.9515522,1
0.6136648,0
0.008388458,0
0.00905912,0
0.87404805,1
0.67060745,0
0.0020223844,0
0.0051730582,0
0.17557289,0
0.88118297,1
0.13005933,0
0.96638095,1
0.14846364,0
0.8979646,1
0.005226069,0
0.02483314,0
0.9959008,1
0.0076876665,0
0.15008338,0
0.010045732,0
0.8381597,1
0.9873661,1
0.9949625,1
0.9996538,1
0.0037273162,0
0.022049587,0
0.04700647,0
0.9403945,1
0.934425,1
0.9990462,1
0.010848367,0
0.9994687,1
0.42632216,1
0.9742292,1
0.99731284,1
0.9575616,1
0.99196494,1
0.9998253,1
0.9955484,1
0.05882286,0
0.06939713,1
0.9715146,1
0.40795082,1
0.0021595017,0
0.6789995,0
0.0013547003,0
0.91009253,1
0.059967794,0
0.7808346,0
0.11010106,0
0.6681685,1
0.0029167149,0
0.0025776436,0
0.6275334,1
0.79037553,1
0.9975463,1
0.952346,1
0.9923684,1
0.9026777,1
0.033476055,0
0.9997171,1
0.7536799,1
0.47368568,0
0.9970108,1
0.24950962,1
0.9997121,1
0.9064635,1
0.10249354,0
0.5418328,1
0.034165036,0
0.14039919,0
0.9904884,1
0.019385178,0
0.042227622,0
0.981167,1
0.033213697,0
0.98240197,1
0.9958333,1
0.020521121,0
0.073648565,0
0.99483126,1
0.069664784,1
0.87571526,1
0.9317487,1
0.0030621137,0
0.99643505,1
0.31440994,0
0.19061916,0
0.29465187,0
0.5790207,0
0.14695512,0
0.0021987872,0
0.9844812,0
0.05859058,0
0.0045701186,0
0.6295013,0
0.9407175,1
0.8023342,1
0.2358565,0
0.98614275,1
0.034463782,0
0.016683068,0
0.008252227,0
0.67919034,0
0.55094707,1
0.93157923,1
0.84823084,1
0.09022426,0
0.99841976,1
0.99753344,1
0.9914835,1
0.009297834,0
0.7266638,1
0.9997853,1
0.015761377,0
0.015750572,0
0.008736568,0
